{"cameraMode":{"drawMode":0,"name":"Shaded","section":"Shading Mode"},"sceneLighting":true,"audioPlay":false,"sceneViewState":{"showFog":true,"showMaterialUpdate":false,"showSkybox":true,"showFlares":true,"showImageEffects":true,"showParticleSystems":true},"in2DMode":false,"pivot":{"x":498.4775695800781,"y":100.95987701416016,"z":188.55044555664063},"rotation":{"x":-0.13693258166313172,"y":-0.20385877788066865,"z":0.028917331248521806,"w":-0.9690402150154114},"size":25.801210403442384,"orthographic":false}